{"fen": "r7/p1p5/2N4p/4P3/8/3K4/"}{"fen": "r7/p1p5/2N4p/4P3/8/3Kp4/PP6/7k w - - 2r"}olicy": [[1243, 1.0]], "z": -1.0, "m": -0.05128205128205128}

{"fen": "r7/p1p5/2N4p/4P3/3K4/8/PP6/7k b - - 3 30", "policy": [[454, 1.0]], "z": -1.0, "m": 0.05128205128205128}

{"fen": "r7/p1p5/2N4p/4P3/3K4/8/PP6/6k1 w - - 4 31", "policy": [[1748, 1.0]], "z": -1.0, "m": -0.05128205128205128}

{"fen": "r7/p1p5/2N4p/4P3/8/4K3/PP6/6k1 b - - 5 31", "policy": [[391, 1.0]], "z": -1.0, "m": 0.05128205128205128}

{"fen": "r7/p1p5/2N4p/4P3/8/4K3/PP6/7k w - - 6 32", "policy": [[1299, 1.0]], "z": -1.0, "m": -0.05128205128205128}

{"fen": "r7/p1p5/2N4p/4P3/8/3K4/PP6/7k b - - 7 32", "policy": [[3641, 1.0]], "z": -1.0, "m": 0.05128205128205128}

{"fen": "1r6/p1p5/2N4p/4P3/8/3K4/PP6/7k w - - 8 33", "policy": [[2745, 1.0]], "z": -1.0, "m": -0.05128205128205128}

{"fen": "1N6/p1p5/7p/4P3/8/3K4/PP6/7k b - - 0 33", "policy": [[454, 1.0]], "z": -1.0, "m": -0.07692307692307693}

{"fen": "1N6/p1p5/7p/4P3/8/3K4/PP6/6k1 w - - 1 34", "policy": [[1243, 1.0]], "z": -1.0, "m": 0.07692307692307693}

{"fen": "1N6/p1p5/7p/4P3/3K4/8/PP6/6k1 b - - 2 34", "policy": [[391, 1.0]], "z": -1.0, "m": -0.07692307692307693}

{"fen": "1N6/p1p5/7p/4P3/3K4/8/PP6/7k w - - 3 35", "policy": [[3690, 1.0]], "z": -1.0, "m": 0.07692307692307693}

{"fen": "8/p1p5/2N4p/4P3/3K4/8/PP6/7k b - - 4 35", "policy": [[454, 1.0]], "z": -1.0, "m": -0.07692307692307693}

{"fen": "8/p1p5/2N4p/4P3/3K4/8/PP6/6k1 w - - 5 36", "policy": [[1748, 1.0]], "z": -1.0, "m": 0.07692307692307693}

{"fen": "8/p1p5/2N4p/4P3/8/4K3/PP6/6k1 b - - 6 36", "policy": [[391, 1.0]], "z": -1.0, "m": -0.07692307692307693}

{"fen": "8/p1p5/2N4p/4P3/8/4K3/PP6/7k w - - 7 37", "policy": [[1299, 1.0]], "z": -1.0, "m": 0.07692307692307693}

{"fen": "8/p1p5/2N4p/4P3/8/3K4/PP6/7k b - - 8 37", "policy": [[454, 1.0]], "z": -1.0, "m": -0.07692307692307693}

{"fen": "8/p1p5/2N4p/4P3/8/3K4/PP6/6k1 w - - 9 38", "policy": [[1243, 1.0]], "z": -1.0, "m": 0.07692307692307693}

{"fen": "8/p1p5/2N4p/4P3/3K4/8/PP6/6k1 b - - 10 38", "policy": [[391, 1.0]], "z": -1.0, "m": -0.07692307692307693}

{"fen": "8/p1p5/2N4p/4P3/3K4/8/PP6/7k w - - 11 39", "policy": [[1748, 1.0]], "z": -1.0, "m": 0.07692307692307693}

{"fen": "8/p1p5/2N4p/4P3/8/4K3/PP6/7k b - - 12 39", "policy": [[454, 1.0]], "z": -1.0, "m": -0.07692307692307693}

{"fen": "8/p1p5/2N4p/4P3/8/4K3/PP6/6k1 w - - 13 40", "policy": [[1299, 1.0]], "z": -1.0, "m": 0.07692307692307693}

{"fen": "8/p1p5/2N4p/4P3/8/3K4/PP6/6k1 b - - 14 40", "policy": [[391, 1.0]], "z": -1.0, "m": -0.07692307692307693}

{"fen": "8/p1p5/2N4p/4P3/8/3K4/PP6/7k w - - 15 41", "policy": [[1243, 1.0]], "z": -1.0, "m": 0.07692307692307693}

{"fen": "8/p1p5/2N4p/4P3/3K4/8/PP6/7k b - - 16 41", "policy": [[454, 0.3103448275862069], [3047, 0.3448275862068966], [463, 0.0], [3112, 0.0], [462, 0.3448275862068966], [3104, 0.0]], ": -1.0, "m": -0.07692307692307693}

{"fen": "8/p1p5/2N5/4P2p/3K4/8/PP6/7k w - - 0 42", "policy": [[1748, 1.0]], "z": -1.0, "m": 0.07692307692307693}

{"fen": "8/p1p5/2N5/4P2p/8/4K3/PP6/7k b - - 1 42", "policy": [[454, 1.0]], "z": -1.0, "m": -0.07692307692307693}

{"fen": "8/p1p5/2N5/4P2p/8/4K3/PP6/6k1 w - - 2 43", "policy": [[1299, 1.0]], "z": -1.0, "m": 0.07692307692307693}

{"fen": "8/p1p5/2N5/4P2p/8/3K4/PP6/6k1 b - - 3 43", "policy": [[391, 1.0]], "z": -1.0, "m": -0.07692307692307693}

{"fen": "8/p1p5/2N5/4P2p/8/3K4/PP6/7k w - - 4 44", "policy": [[1243, 1.0]], "z": -1.0, "m": 0.07692307692307693}

{"fen": "8/p1p5/2N5/4P2p/3K4/8/PP6/7k b - - 5 44", "policy": [[454, 1.0]], "z": -1.0, "m": -0.07692307692307693}

{"fen": "8/p1p5/2N5/4P2p/3K4/8/PP6/6k1 w - - 6 45", "policy": [[1748, 1.0]], "z": -1.0, "m": 0.07692307692307693}

{"fen": "8/p1p5/2N5/4P2p/8/4K3/PP6/6k1 b - - 7 45", "policy": [[391, 1.0]], "z": -1.0, "m": -0.07692307692307693}

{"fen": "8/p1p5/2N5/4P2p/8/4K3/PP6/7k w - - 8 46", "policy": [[1299, 1.0]], "z": -1.0, "m": 0.07692307692307693}

{"fen": "8/p1p5/2N5/4P2p/8/3K4/PP6/7k b - - 9 46", "policy": [[454, 1.0]], "z": -1.0, "m": -0.07692307692307693}

{"fen": "8/p1p5/2N5/4P2p/8/3K4/PP6/6k1 w - - 10 47", "policy": [[1243, 1.0]], "z": -1.0, "m": 0.07692307692307693}

{"fen": "8/p1p5/2N5/4P2p/3K4/8/PP6/6k1 b - - 11 47", "policy": [[391, 1.0]], "z": -1.0, "m": -0.07692307692307693}

{"fen": "8/p1p5/2N5/4P2p/3K4/8/PP6/7k w - - 12 48", "policy": [[1748, 0.3103448275862069], [1746, 0.3448275862068966], [593, 0.0], [2720, 0.0], [1756, 0.0], [2740, 0.0], [1762, 0.0], [2736, 0.0], [1763, 0.0], [2713, 0.0], [536, 0.0], [1754, 0.0], [1747, 0.0], [2348, 0.0], [2747, 0.3448275862068966], [601, 0.0], [528, 0.0], [2745, 0.0]], "z": -1.0, "m": 0.07692307692307693}

{"fen": "8/p1p5/2N5/4P2p/8/2K5/PP6/7k b - - 13 48", "policy": [[454, 1.0]], "z": -1.0, "m": -0.07692307692307693}

{"fen": "8/p1p5/2N5/4P2p/8/2K5/PP6/6k1 w - - 14 49", "policy": [[1171, 1.0]], "z": -1.0, "m": 0.07692307692307693}

{"fen": "8/p1p5/2N5/4P2p/8/3K4/PP6/6k1 b - - 15 49", "policy": [[391, 0.3103448275862069], [389, 0.3448275862068966], [397, 0.0], [3112, 0.0], [2527, 0.0], [399, 0.0], [3104, 0.0], [398, 0.3448275862068966]], "z": -1.0, "m": -0.07692307692307693}

{"fen": "8/p1p5/2N5/4P2p/8/3K4/PP6/5k2 w - - 16 50", "policy": [[2713, 1.0]], "z": -1.0, "m": 0.07692307692307693}

{"fen": "8/p1p5/8/4P2p/1N6/3K4/PP6/5k2 b - - 17 50", "policy": [[3242, 1.0]], "z": -1.0, "m": -0.07692307692307693}

{"fen": "8/p7/2p5/4P2p/1N6/3K4/PP6/5k2 w - - 0 51", "policy": [[1642, 1.0]], "z": -1.0, "m": 0.07692307692307693}

{"fen": "8/p7/2N5/4P2p/8/3K4/PP6/5k2 b - - 0 51", "policy": [[2527, 1.0]], "z": -1.0, "m": -0.10256410256410256}

{"fen": "8/p7/2N5/4P3/7p/3K4/PP6/5k2 w - - 0 52", "policy": [[2713, 1.0]], "z": -1.0, "m": 0.10256410256410256}

{"fen": "8/p7/8/4P3/1N5p/3K4/PP6/5k2 b - - 1 52", "policy": [[334, 1.0]], "z": -1.0, "m": -0.10256410256410256}

{"fen": "8/p7/8/4P3/1N5p/3K4/PP4k1/8 w - - 2 53", "policy": [[1243, 1.0]], "z": -1.0, "m": 0.10256410256410256}

{"fen": "8/p7/8/4P3/1N1K3p/8/PP4k1/8 b - - 3 53", "policy": [[919, 1.0]], "z": -1.0, "m": -0.10256410256410256}

{"fen": "8/p7/8/4P3/1N1K3p/7k/PP6/8 w - - 4 54", "policy": [[1748, 1.0]], "z": -1.0, "m": 0.10256410256410256}

{"fen": "8/p7/8/4P3/1N5p/4K2k/PP6/8 b - - 5 54", "policy": [[1494, 1.0]], "z": -1.0, "m": -0.10256410256410256}

{"fen": "8/p7/8/4P3/1N5p/4K1k1/PP6/8 w - - 6 55", "policy": [[536, 1.0]], "z": -1.0, "m": 0.10256410256410256}

{"fen": "8/p7/8/4P3/PN5p/4K1k1/1P6/8 b - - 0 55", "policy": [[2007, 1.0]], "z": -1.0, "m": -0.10256410256410256}

{"fen": "8/p7/8/4P3/PN6/4K1kp/1P6/8 w - - 0 56", "policy": [[1308, 1.0]], "z": -1.0, "m": 0.10256410256410256}

{"fen": "8/p7/8/4P3/PN2K3/6kp/1P6/8 b - - 1 56", "policy": [[1438, 1.0]], "z": -1.0, "m": -0.10256410256410256}

{"fen": "8/p7/8/4P3/PN2K1k1/7p/1P6/8 w - - 2 57", "policy": [[1608, 1.0]], "z": -1.0, "m": 0.10256410256410256}

{"fen": "8/p7/8/4P3/P3K1k1/7p/NP6/8 b - - 3 57", "policy": [[3112, 1.0]], "z": -1.0, "m": -0.10256410256410256}

{"fen": "8/8/p7/4P3/P3K1k1/7p/NP6/8 w - - 0 58", "policy": [[593, 1.0]], "z": -1.0, "m": 0.10256410256410256}

{"fen": "8/8/p7/4P3/P3K1k1/1P5p/N7/8 b - - 0 58", "policy": [[1958, 1.0]], "z": -1.0, "m": -0.10256410256410256}

{"fen": "8/8/p7/4P1k1/P3K3/1P5p/N7/8 w - - 1 59", "policy": [[1813, 1.0]], "z": -1.0, "m": 0.10256410256410256}

{"fen": "8/8/p7/4P1k1/P7/1P3K1p/N7/8 b - - 2 59", "policy": [[2471, 1.0]], "z": -1.0, "m": -0.10256410256410256}

{"fen": "8/8/p7/4P2k/P7/1P3K1p/N7/8 w - - 3 60", "policy": [[1356, 1.0]], "z": -1.0, "m": 0.10256410256410256}

{"fen": "8/8/p7/4P2k/P7/1P5p/N3K3/8 b - - 4 60", "policy": [[2534, 1.0]], "z": -1.0, "m": -0.10256410256410256}

{"fen": "8/8/p7/4P1k1/P7/1P5p/N3K3/8 w - - 5 61", "policy": [[781, 1.0]], "z": -1.0, "m": 0.10256410256410256}

{"fen": "8/8/p7/4P1k1/P7/1P5p/N4K2/8 b - - 6 61", "policy": [[2471, 1.0]], "z": -1.0, "m": -0.10256410256410256}

{"fen": "8/8/p7/4P2k/P7/1P5p/N4K2/8 w - - 7 62", "policy": [[852, 1.0]], "z": -1.0,